Ad group,Ad group ID
Acura | MDX,99357626786
Acura | RDX,99357626866
Acura | TLX,99357627306
Acura | TSX,99357627346
Audi | A3,99357627586
Audi | A3 Cabriolet,99357627746
Audi | A3 Sportback e-tron,99357627786
Audi | A4 Avant,99357627986
Audi | A8 L,99357628546
Audi | Allroad,99357628706
Audi | Q5,99357628786
Audi | Q7,99357628946
Audi | R8,99357628986
Audi | RS 4,99357629026
Audi | RS 4 Cabriolet,99357629186
Audi | S4,99357629266
Audi | S4 Avant,99357629426
Audi | S5,99357629506
Audi | S7,99357629746
Audi | S8 Plus,99357629946
Audi | SQ5,99357629986
BMW | 3-series,99357630666
BMW | 4-series,99357630706
BMW | 640i,99357631106
BMW | 7-series Hybrid,99357631386
BMW | M4,99357631666
BMW | X1,99357631826
BMW | Z4,99357632146
BMW | i8,99357632546
Buick | LaCrosse,99357632866
Buick | Rainier,99357633066
Buick | Verano,99357633346
Cadillac | CT6,99357633546
Cadillac | CTS,99357633586
Cadillac | Escalade ESV,99357633986
Cadillac | Escalade EXT,99357634026
Cadillac | SRX,99357634226
Chevrolet | Avalanche,99357634706
Chevrolet | Aveo,99357634946
Chevrolet | Aveo5,99357634986
Chevrolet | Captiva,99357635186
Chevrolet | Corvette 427,99357635666
Chevrolet | Corvette Stingray,99357635746
Chevrolet | Corvette Z06,99357635906
Chevrolet | Cruze Limited,99357635986
Chevrolet | Equinox,99357636146
Chevrolet | Express 3500 Cargo,99357636626
Chevrolet | Express 3500 Passenger,99357636666
Chevrolet | Express Cargo,99357636706
Chevrolet | Express Cargo 1500,99357636866
Chevrolet | Express Cargo 2500,99357636906
Chevrolet | HHR Panel,99357637186
Chevrolet | Malibu Limited,99357637426
Chevrolet | Malibu Maxx,99357637586
Chevrolet | Silverado,99357637826
Chevrolet | Silverado 3500,99357638146
Chevrolet | Sonic,99357638626
Chevrolet | Suburban,99357638866
Chevrolet | Tahoe,99357639106
Chevrolet | Volt,99357639746
Chrysler | 200,99357639786
Chrysler | 300,99357639826
Chrysler | Aspen,99357639986
Chrysler | Pacifica,99357640266
Chrysler | Sebring,99357640306
Dodge | Caliber,99357640706
Dodge | Challenger,99357640786
Dodge | Dakota,99357640986
Dodge | Durango,99357641186
Dodge | Journey,99357641426
Dodge | Magnum,99357641466
Dodge | Nitro,99357641506
Dodge | Ram 1500,99357641666
Dodge | Ram 4500,99357641946
Dodge | Sprinter 2500,99357642146
Fiat | 500X,99357642626
Ford | C-Max Energi,99357642666
Ford | E-150 Wagon,99357642946
Ford | E-350 Cargo,99357643186
Ford | E-Series Wagon,99357643426
Ford | Edge,99357643626
Ford | Escape,99357643666
Ford | Expedition EL,99357643906
Ford | Explorer Sport Trac,99357644106
Ford | F-150,99357644146
Ford | F-250,99357644346
Ford | Five Hundred,99357644866
Ford | Flex,99357645026
Ford | Fusion Hybrid,99357645786
Ford | Transit  250,99357646706
Ford | Transit Connect Cargo,99357646786
Ford | Transit Connect Wagon,99357646986
Ford | Transit Wagon 350,99357647026
GMC | Acadia Limited,99357647226
GMC | Envoy XL,99357647466
GMC | Savana 1500,99357647506
GMC | Savana 2500,99357647706
GMC | Savana Cargo 1500,99357648146
GMC | Savana Cargo 2500,99357648186
GMC | Sierra 3500,99357648866
GMC | Sierra 3500 DRW,99357648906
GMC | Sierra 3500HD DRW,99357649106
GMC | Yukon XL,99357649666
Honda | Accord,99357649866
Honda | Accord Hybrid,99357650066
Honda | CR-Z,99357650146
Honda | Civic Hybrid,99357650346
Honda | Insight,99357650826
Honda | Ridgeline,99357651106
Honda | S2000,99357651266
Hyundai | Azera,99357651586
Hyundai | Entourage,99357651986
Hyundai | Equus,99357652026
Hyundai | Genesis,99357652066
Hyundai | Genesis Coupe,99357652226
Hyundai | Sonata Plug in Hybrid,99357652706
Hyundai | Tucson,99357652786
Infiniti | FX37,99357653226
Infiniti | FX45,99357653266
Infiniti | G25,99357653506
Infiniti | I35,99357653906
Infiniti | JX35,99357653986
Infiniti | QX60,99357654946
Isuzu | Ascender 5-Passenger,99357655346
Jeep | Commander,99357655666
Jeep | Compass,99357655826
Jeep | Liberty,99357655906
Jeep | Patriot,99357656066
Jeep | Renegade,99357656106
Jeep | Wrangler Unlimited,99357656306
Kia | Borrego,99357656346
Kia | Forte,99357656546
Kia | Forte5,99357656786
Kia | Optima,99357657026
Kia | Optima Hybrid,99357657066
Kia | Rio,99357657106
Kia | Sorento,99357657546
Kia | Spectra5,99357657826
Land Rover | LR2,99357658226
Land Rover | LR4,99357658306
Land Rover | Range Rover,99357658466
Lexus | ES300,99357659186
Lexus | ES300h,99357659226
Lexus | ES350,99357659426
Lexus | GS Hybrid,99357659746
Lexus | GS450h,99357660186
Lexus | GS460,99357660226
Lexus | GX460,99357660466
Lexus | GX470,99357660626
Lexus | IS 200t F,99357660906
Lexus | IS 250,99357660946
Lexus | IS 350 C,99357661186
Lexus | IS-F,99357661426
Lexus | LS Hybrid,99357661906
Lexus | LS460,99357662106
Lexus | LS460 L,99357662146
Lexus | LS460L,99357662306
Lexus | RC 200t F,99357663066
Lexus | RX 350,99357663306
Lexus | RX 350 F,99357663346
Lincoln | LS,99357663826
Lincoln | MKZ,99357664266
Lincoln | Navigator,99357664466
MINI | Clubman,99357664706
MINI | Cooper Countryman,99357664986
MINI | Cooper Paceman,99357665186
MINI | Cooper S Countryman,99357665426
MINI | Cooper S Countryman ALL4,99357665466
MINI | Cooper S Coupe,99357665506
MINI | Cooper S Paceman,99357665706
MINI | Hardtop,99357665986
Mazda | B 3000,99357666426
Mazda | MAZDASPEED6,99357667346
Mazda | Tribute Hybrid,99357667826
Mercedes-Benz | CL63 AMG,99357668386
Mercedes-Benz | CLS,99357668786
Mercedes-Benz | G-Class,99357669026
Mercedes-Benz | GL-Class,99357669106
Mercedes-Benz | GLA-Class,99357669306
Mercedes-Benz | GLE-Class Coupe,99357669746
Mercedes-Benz | GLK,99357669786
Mercedes-Benz | GLK-Class,99357669826
Mercedes-Benz | M-Class Hybrid,99357670226
Mercedes-Benz | R-Class,99357670306
Mercedes-Benz | S-Class,99357670466
Mercedes-Benz | SL-Class,99357670546
Mercedes-Benz | SLS,99357670986
Mercedes-Benz | Sprinter,99357671026
Mercedes-Benz | Sprinter 2500 Cargo,99357671186
Mercedes-Benz | Sprinter 2500 Crew Van,99357671266
Mercury | Montego,99357671746
Mercury | Monterey,99357671906
Mercury | Mountaineer,99357671946
Mitsubishi | Eclipse,99357672146
Mitsubishi | Montero,99357672866
Mitsubishi | Outlander Sport,99357672946
Mitsubishi | Raider,99357673106
Mitsubishi | i-Miev,99357673146
Nissan | 370Z Roadster,99357673426
Nissan | Altima,99357673586
Nissan | Cube,99357673666
Nissan | Juke,99357673906
Nissan | LEAF,99357674066
Nissan | NV 3500,99357674346
Nissan | NV1500,99357674626
Nissan | NV200,99357674826
Nissan | NV200 Compact Cargo,99357674866
Nissan | Rogue Select,99357675746
Nissan | Sentra,99357675786
Nissan | Versa,99357676026
Pontiac | G5,99357676266
Pontiac | G6,99357676306
Pontiac | Grand Prix,99357676506
Pontiac | Solstice,99357676706
Pontiac | Torrent,99357676746
Porsche | 911,99357676986
Porsche | Panamera,99357677426
RAM | 1500,99357677466
RAM | 2500,99357677506
RAM | ProMaster 1500,99357677906
RAM | ProMaster 2500,99357677946
Saab | 9-3X,99357678386
Saab | 9-4X,99357678426
Saturn | Aura Hybrid,99357678866
Saturn | Ion,99357678906
Saturn | Outlook,99357678946
Saturn | Sky,99357679146
Scion | FR-S,99357679386
Scion | xD,99357679626
Subaru | B9 Tribeca,99357679826
Subaru | BRZ,99357679866
Subaru | Forester,99357680146
Subaru | Impreza,99357680306
Subaru | Tribeca,99357680586
Suzuki | Equator,99357681026
Suzuki | Grand Vitara,99357681066
Suzuki | SX4 AWD Crossover,99357681306
Suzuki | SX4 Crossover,99357681346
Suzuki | XL7,99357681586
Toyota | 4Runner,99357681746
Toyota | C-HR,99357682026
Toyota | Camry Solara,99357682266
Toyota | Prius,99357682986
Toyota | Prius Hybrid,99357683186
Toyota | Prius Plug In Hybrid,99357683226
Toyota | RAV4 Hybrid,99357683466
Toyota | Venza,99357683906
Volkswagen | CC,99357684146
Volkswagen | Eos,99357684186
Volkswagen | New Beetle,99357684946
Volkswagen | Passat,99357685106
Volkswagen | Phaeton,99357685146
Volkswagen | Touareg,99357685426
Volkswagen | Touareg 2,99357685586
Volvo | S60 T5,99357686306
Volvo | V50,99357686626
Volvo | V60,99357686786
Volvo | V70,99357686866
Volvo | XC70,99357687266
Volvo | XC90,99357687346
Acura | NSX,99357626826
Acura | TL,99357627266
Audi | A4,99357627826
Audi | A5 Cabriolet,99357628226
Audi | A7,99357628466
Audi | Q3,99357628746
Audi | S3,99357629226
Audi | S4 Cabriolet,99357629466
Audi | S5 Cabriolet,99357629666
Audi | S8,99357629906
Audi | TT,99357630146
Audi | TT Roadster,99357630186
Audi | TTS,99357630386
BMW | 1-series,99357630426
BMW | 435i,99357630866
BMW | 750i,99357631426
BMW | M235i,99357631586
BMW | X4,99357631906
BMW | i3,99357632386
Buick | Cascada,99357632586
Buick | Encore,99357632786
Buick | Envision,99357632826
Buick | Rendezvous,99357633266
Cadillac | ATS,99357633506
Cadillac | CTS-V,99357633746
Cadillac | Escalade,99357633826
Cadillac | SRX Crossover,99357634266
Cadillac | XT5,99357634506
Chevrolet | Avalanche 2500,99357634786
Chevrolet | Camaro,99357635026
Chevrolet | Captiva Sport,99357635226
Chevrolet | City Express,99357635266
Chevrolet | Cobalt,99357635426
Chevrolet | Colorado,99357635466
Chevrolet | Corvette,99357635506
Chevrolet | Cruze,99357635946
Chevrolet | Express 2500 Cargo,99357636426
Chevrolet | Express 3500,99357636466
Chevrolet | Express Passenger,99357637106
Chevrolet | Silverado 1500,99357637866
Chevrolet | Silverado 1500HD,99357637906
Chevrolet | Silverado 2500,99357638066
Chevrolet | Silverado 2500HD,99357638106
Chevrolet | Silverado Hybrid,99357638586
Chevrolet | Spark,99357638786
Chevrolet | Suburban 1500,99357639026
Chevrolet | TrailBlazer,99357639306
Chevrolet | TrailBlazer EXT,99357639346
Chevrolet | Trax,99357639546
Chevrolet | Uplander,99357639586
Chrysler | Town & Country,99357640466
Dodge | Caravan,99357640746
Dodge | Charger,99357640946
Dodge | Dart,99357641026
Dodge | Grand Caravan,99357641266
Dodge | Ram 3500 DRW,99357641906
Dodge | Sprinter,99357641986
Dodge | Stratus,99357642186
Dodge | Viper,99357642226
Fiat | 500,99357642386
Fiat | 500C,99357642426
Fiat | 500L,99357642466
Ford | C-Max Hybrid,99357642706
Ford | Crown Victoria,99357642866
Ford | E-250 Cargo,99357643106
Ford | E-350,99357643146
Ford | E-350 Wagon,99357643346
Ford | Escape Hybrid,99357643826
Ford | Expedition,99357643866
Ford | Explorer,99357644066
Ford | F-250 SD,99357644386
Ford | Fiesta,99357644826
Ford | Focus ZX5,99357645306
Ford | Focus ZXW,99357645346
Ford | Fusion,99357645586
Ford | Mustang,99357645826
Ford | Police Interceptor,99357645986
Ford | Super Duty F-350 SRW,99357646266
Ford | Taurus,99357646306
Ford | Taurus X,99357646466
Ford | Transit Connect,99357646746
Ford | Transit Connect Van,99357646946
GMC | Savana 2500 Cargo,99357647746
GMC | Savana 3500 Passenger,99357647986
GMC | Sierra 1500 Hybrid,99357648466
GMC | Sierra 2500,99357648666
GMC | Sierra 3500HD,99357648946
GMC | Terrain,99357649426
GMC | Yukon Hybrid,99357649626
GMC | Yukon XL 1500,99357649826
Honda | Clarity Plug-In Hybrid,99357650386
Honda | Element,99357650586
Honda | Fit,99357650626
Honda | HR-V,99357650786
Honda | Insight Hybrid,99357650866
Honda | Odyssey,99357651026
Hummer | H2,99357651346
Hummer | H3,99357651506
Hyundai | Accent,99357651546
Hyundai | Elantra,99357651746
Hyundai | Elantra Coupe,99357651786
Hyundai | Santa Fe Sport,99357652466
Hyundai | Tiburon,99357652746
Hyundai | Veloster,99357652946
Infiniti | EX35,99357653026
Infiniti | FX50,99357653426
Infiniti | G35,99357653666
Infiniti | G37,99357653706
Infiniti | I30,99357653746
Infiniti | M35,99357654186
Infiniti | M45,99357654426
Infiniti | Q45,99357654626
Infiniti | Q70L,99357654666
Infiniti | QX30,99357654706
Infiniti | QX4,99357654866
Isuzu | Ascender,99357655186
Isuzu | i350,99357655426
Kia | Rio5,99357657306
Kia | Sedona,99357657506
Kia | Spectra,99357657786
Kia | Stinger,99357658026
Land Rover | Discovery Sport,99357658066
Land Rover | Range Rover Sport,99357658746
Lexus | ES 350,99357658986
Lexus | ES Hybrid,99357659026
Lexus | ES330,99357659266
Lexus | GS,99357659466
Lexus | GS 200t,99357659506
Lexus | GS300,99357659906
Lexus | GS430,99357660146
Lexus | GX,99357660386
Lexus | IS 350,99357661146
Lexus | IS 350 F,99357661346
Lexus | IS C,99357661386
Lexus | IS350,99357661666
Lexus | LS,99357661866
Lexus | NX,99357662626
Lexus | NX 200t F,99357662826
Lexus | NX Hybrid,99357662866
Lexus | RC 350,99357663106
Lexus | RX,99357663266
Lexus | SC,99357663586
Lincoln | Continental,99357663786
Lincoln | MKC,99357663986
Lincoln | MKS,99357664026
Lincoln | MKX,99357664226
Lincoln | MKZ Hybrid,99357664306
MINI | Convertible,99357664746
MINI | Cooper Hardtop,99357665026
MINI | Cooper S Convertible,99357665266
MINI | Cooper S Hardtop,99357665666
MINI | Countryman,99357665906
Mazda | B 4000,99357666466
Mazda | CX-5,99357666666
Mazda | MAZDA2,99357666906
Mazda | MAZDA6,99357667146
Mazda | MAZDASPEED3,99357667186
Mazda | MPV,99357667386
Mazda | Mx6,99357667586
Mazda | RX-8,99357667626
Mazda | Tribute,99357667666
Mercedes-Benz | 300SL,99357667866
Mercedes-Benz | B-Class,99357668066
Mercedes-Benz | CL-Class,99357668346
Mercedes-Benz | CLA,99357668546
Mercedes-Benz | CLA-Class,99357668586
Mercedes-Benz | CLK-Class,99357668626
Mercedes-Benz | CLS-Class,99357668826
Mercedes-Benz | G63 AMG,99357669066
Mercedes-Benz | GLA,99357669266
Mercedes-Benz | GLC-Class,99357669506
Mercedes-Benz | GLS,99357669986
Mercedes-Benz | GT,99357670026
Mercedes-Benz | M-Class,99357670066
Mercedes-Benz | Metris,99357670266
Mercedes-Benz | S-Class Hybrid,99357670506
Mercedes-Benz | SL550,99357670706
Mercedes-Benz | SLK,99357670786
Mercedes-Benz | Sprinter 2500 Cargo Van,99357671226
Mercedes-Benz | Sprinter 2500 Passenger Van,99357671466
Mercury | Milan,99357671706
Mercury | Sable,99357671986
Mitsubishi | Eclipse Spyder,99357672186
Mitsubishi | Lancer,99357672426
Mitsubishi | Lancer Evolution,99357672466
Mitsubishi | Mirage G4,99357672706
Mitsubishi | Outlander,99357672906
Nissan | 350Z Roadster,99357673346
Nissan | Armada,99357673626
Nissan | Frontier,99357673826
Nissan | Maxima,99357674106
Nissan | Murano,99357674146
Nissan | NV,99357674306
Nissan | NV2500 HD Cargo,99357675066
Nissan | NV3500,99357675106
Nissan | NV3500 Cargo,99357675266
Nissan | Pathfinder,99357675346
Nissan | Pathfinder Hybrid,99357675506
Nissan | Rogue,99357675586
Nissan | Titan,99357675826
Nissan | Titan XD,99357675986
Nissan | Versa Note,99357676066
Porsche | Boxster,99357677026
Porsche | Macan,99357677266
RAM | CV,99357677746
RAM | ProMaster City,99357677986
Saab | 3-9,99357678146
Saab | 9-2X,99357678226
Saturn | Aura,99357678706
Saturn | Relay,99357679106
Saturn | VUE,99357679186
Saturn | VUE Hybrid,99357679346
Scion | tC,99357679426
Scion | xB,99357679586
Smart | Fortwo,99357679666
Subaru | Baja,99357679906
Subaru | Outback,99357680546
Subaru | WRX,99357680626
Subaru | XV Crosstrek,99357680786
Suzuki | SX4 Sport,99357681506
Suzuki | SX4 Sportback,99357681546
Toyota | Avalon Hybrid,99357681986
Toyota | Camry,99357682066
Toyota | Matrix,99357682786
Toyota | Mirai,99357682946
Toyota | Prius V,99357683266
Toyota | RAV4,99357683426
Toyota | Sienna,99357683666
Toyota | Tacoma,99357683706
Toyota | Tundra,99357683746
Volkswagen | GTI,99357684386
Volkswagen | Golf Sportwagen,99357684666
Volkswagen | Jetta SportWagen,99357684906
Volkswagen | Routan,99357685346
Volvo | C30,99357685666
Volvo | C30 T5,99357685826
Volvo | S40,99357686066
Volvo | S60,99357686106
Volvo | S80 3.2,99357686546
Volvo | XC60,99357687026
Volvo | XC60 T6,99357687106
Volvo | XC70 T6 AWD,99357687306
Acura | CL,99357626546
Acura | ILX,99357626586
Acura | ILX Hybrid,99357626626
Acura | RL,99357627026
Acura | RLX,99357627066
Acura | RSX,99357627106
Acura | TSX Sport Wagon,99357627506
Acura | ZDX,99357627546
Audi | A4 Cabriolet,99357628026
Audi | A5,99357628066
Audi | A6,99357628266
Audi | A6 Avant,99357628306
Audi | A8,99357628506
Audi | S6,99357629706
Audi | TT-RS,99357630226
BMW | 135i,99357630466
BMW | 2-series,99357630626
BMW | 5-series,99357630906
BMW | 6-series,99357630946
BMW | 645 Ci,99357631146
BMW | 650i,99357631186
BMW | 7-series,99357631346
BMW | M3,99357631626
BMW | X3,99357631866
BMW | X5,99357632066
BMW | X6,99357632106
BMW | Z4 Coupe,99357632306
BMW | Z4 Roadster,99357632346
Buick | Enclave,99357632626
Buick | Lucerne,99357633026
Buick | Regal,99357633106
Buick | Terraza,99357633306
Cadillac | DTS,99357633786
Cadillac | Escalade Hybrid,99357634066
Cadillac | STS,99357634306
Cadillac | XLR,99357634466
Cadillac | XTS,99357634546
Chevrolet | Avalanche 1500,99357634746
Chevrolet | Corvette Grand Sport,99357635706
Chevrolet | Express 1500,99357636186
Chevrolet | Express 1500 Cargo,99357636226
Chevrolet | Express 2500,99357636386
Chevrolet | Express Cargo 3500,99357636946
Chevrolet | HHR,99357637146
Chevrolet | Impala,99357637346
Chevrolet | Malibu,99357637386
Chevrolet | Monte Carlo,99357637626
Chevrolet | SS,99357637666
Chevrolet | Silverado 3500 HD,99357638306
Chevrolet | Silverado 3500HD,99357638346
Chevrolet | Silverado Classic 1500,99357638386
Chevrolet | Silverado Classic 2500,99357638546
Chevrolet | Spark EV,99357638826
Chevrolet | Suburban 2500,99357639066
Chevrolet | Tahoe Hybrid,99357639266
Chevrolet | Traverse,99357639506
Chrysler | Aspen Hybrid,99357640026
Chrysler | Crossfire,99357640066
Chrysler | PT Cruiser,99357640226
Chrysler | Town and Country,99357640506
Dodge | Avenger,99357640546
Dodge | Durango Hybrid,99357641226
Dodge | Ram 2500,99357641706
Dodge | Ram 3500,99357641746
Ford | E-150,99357642906
Ford | E-Series,99357643386
Ford | Ecosport,99357643586
Ford | F-150 Flareside,99357644306
Ford | F-350,99357644546
Ford | F-350 SD,99357644586
Ford | F-350 SD DRW,99357644626
Ford | F-450 SD DRW,99357644786
Ford | Focus,99357645066
Ford | Focus ZX3,99357645106
Ford | Focus ZX4,99357645266
Ford | Freestar,99357645506
Ford | Freestyle,99357645546
Ford | Fusion Energi,99357645746
Ford | Ranger,99357646026
Ford | Shelby,99357646066
Ford | Super Duty F-250,99357646226
Ford | Transit,99357646506
Ford | Transit  150,99357646546
GMC | Acadia,99357647186
GMC | Canyon,99357647266
GMC | Envoy,99357647426
GMC | Savana 1500 Cargo,99357647666
GMC | Savana 3500,99357647906
GMC | Savana 3500 Cargo,99357647946
GMC | Savana Cargo 3500,99357648226
GMC | Sierra,99357648386
GMC | Sierra 1500,99357648426
GMC | Sierra 1500HD,99357648626
GMC | Sierra 2500HD,99357648706
GMC | Sierra Classic 1500,99357649146
GMC | Sierra Classic 2500,99357649186
GMC | Sierra Classic 3500,99357649346
GMC | Sierra Hybrid,99357649386
GMC | Yukon,99357649586
Honda | Accord Crosstour,99357649906
Honda | CR-V,99357650106
Honda | Civic,99357650306
Honda | Crosstour,99357650546
Honda | Pilot,99357651066
Hummer | H1 Alpha,99357651306
Hyundai | Elantra Touring,99357651826
Hyundai | Kona,99357652266
Hyundai | Santa Fe,99357652306
Hyundai | Sonata,99357652506
Hyundai | Sonata Hybrid,99357652546
Hyundai | Veracruz,99357652986
Infiniti | FX35,99357653186
Infiniti | G20,99357653466
Infiniti | J30,99357653946
Infiniti | M30,99357654146
Infiniti | M35h,99357654226
Infiniti | M37,99357654386
Infiniti | M56,99357654466
Infiniti | QX56,99357654906
Infiniti | QX70,99357655106
Infiniti | QX80,99357655146
Isuzu | i280,99357655386
Isuzu | i370,99357655586
Jeep | Cherokee,99357655626
Jeep | Grand Cherokee,99357655866
Jeep | Wrangler,99357656146
Kia | Cadenza,99357656386
Kia | Forte 5-Door,99357656586
Kia | Forte Koup,99357656626
Kia | K900,99357656826
Kia | Niro,99357656866
Kia | Rio 5-door,99357657266
Kia | Rondo,99357657346
Kia | Soul,99357657586
Kia | Soul EV,99357657746
Kia | Sportage,99357657986
Land Rover | LR3,99357658266
Land Rover | Range Rover Evoque,99357658506
Land Rover | Range Rover Evoque Coupe,99357658546
Land Rover | Range Rover LWB,99357658706
Lexus | CT Hybrid,99357658786
Lexus | ES,99357658946
Lexus | GS 350,99357659666
Lexus | GS 350 F,99357659706
Lexus | GS350,99357659946
Lexus | GS350 F,99357659986
Lexus | GX 460,99357660426
Lexus | HS,99357660666
Lexus | HS Hybrid,99357660706
Lexus | IS,99357660866
Lexus | IS 250 C,99357661106
Lexus | IS250,99357661586
Lexus | IS250C,99357661626
Lexus | IS350C,99357661826
Lexus | LS430,99357662066
Lexus | LX,99357662346
Lexus | LX 570,99357662386
Lexus | LX470,99357662546
Lexus | LX570,99357662586
Lexus | NX 200t,99357662786
Lexus | RC,99357663026
Lexus | RX Hybrid,99357663506
Lexus | RX350,99357663546
Lexus | SC430,99357663746
Lincoln | MKT,99357664066
Lincoln | Navigator L,99357664506
Lincoln | Town Car,99357664546
MINI | Cooper,99357664786
MINI | Cooper Clubman,99357664946
MINI | Cooper S Clubman,99357665226
MINI | Cooper S Paceman ALL4,99357665746
MINI | Coupe,99357665946
MINI | Hardtop 4 Door,99357666146
MINI | Paceman,99357666186
MINI | Roadster,99357666226
Mazda | B 2300,99357666386
Mazda | CX-3,99357666626
Mazda | CX-7,99357666706
Mazda | CX-9,99357666866
Mazda | MAZDA3,99357666946
Mazda | MAZDA5,99357667106
Mazda | MX-5 Miata,99357667426
Mercedes-Benz | AMG,99357667906
Mercedes-Benz | C-Class,99357668106
Mercedes-Benz | C300,99357668146
Mercedes-Benz | C63 AMG,99357668306
Mercedes-Benz | E-Class,99357668866
Mercedes-Benz | GLC,99357669346
Mercedes-Benz | GLE,99357669546
Mercedes-Benz | GLE-Class,99357669586
Mercedes-Benz | SLC43,99357670746
Mercedes-Benz | SLK-Class,99357670946
Mercedes-Benz | Sprinter 2500 Passenger,99357671426
Mercury | Grand Marquis,99357671506
Mercury | Mariner,99357671666
Mitsubishi | Endeavor,99357672226
Mitsubishi | Galant,99357672386
Mitsubishi | Lancer Sportback,99357672626
Mitsubishi | Mirage,99357672666
Nissan | 350Z,99357673186
Nissan | 370Z,99357673386
Nissan | GT-R,99357673866
Nissan | NV 3500 Passenger,99357674386
Nissan | NV Cargo,99357674546
Nissan | NV Passenger,99357674586
Nissan | NV1500 Cargo,99357674786
Nissan | NV2500 HD,99357675026
Nissan | NV3500 Passanger,99357675306
Nissan | Quest,99357675546
Nissan | Xterra,99357676226
Pontiac | G8,99357676466
Pontiac | Montana SV6,99357676546
Pontiac | Vibe,99357676786
Porsche | 718 Boxster,99357676946
Porsche | Cayenne,99357677186
Porsche | Cayman,99357677226
RAM | 3500,99357677666
RAM | 3500 DRW,99357677706
Saab | 5-9,99357678186
Saab | 9-7X,99357678466
Saab | 900,99357678626
Saturn | Astra,99357678666
Subaru | Crosstrek,99357680066
Subaru | Crosstrek Hybrid,99357680106
Subaru | Impreza WRX,99357680346
Subaru | Legacy,99357680386
Subaru | XV Crosstrek Hybrid,99357680826
Suzuki | Aerio,99357680866
Suzuki | Kizashi,99357681106
Suzuki | SX4,99357681266
Toyota | 86,99357681786
Toyota | Avalon,99357681826
Toyota | Camry Hybrid,99357682226
Toyota | Corolla,99357682306
Toyota | Corolla Matrix,99357682466
Toyota | FJ Cruiser,99357682506
Toyota | Highlander,99357682546
Toyota | Highlander Hybrid,99357682706
Toyota | MR2 Spyder,99357682746
Toyota | Prius C,99357683026
Toyota | Sequoia,99357683506
Toyota | Yaris,99357683946
Volkswagen | Beetle,99357683986
Volkswagen | GLI,99357684226
Volkswagen | Golf,99357684426
Volkswagen | Golf GTI,99357684466
Volkswagen | Golf R,99357684626
Volkswagen | Jetta,99357684706
Volkswagen | Jetta Hybrid,99357684866
Volkswagen | Rabbit,99357685186
Volkswagen | Tiguan,99357685386
Volkswagen | e-Golf,99357685626
Volvo | C70,99357685866
Volvo | C70 T5,99357685906
Volvo | S60 Cross Country,99357686146
Volvo | S60 T5 FWD,99357686346
Volvo | S80,99357686386
Volvo | S80 T6,99357686586
Volvo | V60 Cross Country,99357686826
Volvo | XC60 3.2 FWD,99357687066
Volvo | XC90 Hybrid,99357687506
Chevrolet | Silverado 3500,101889553140
Chevrolet | Silverado 3500 HD,101889553180
Chevrolet | Silverado Hybrid,101889553580
Chevrolet | Equinox,101889552660
Chevrolet | Silverado,101889552700
Chevrolet | Silverado 1500,101889552860
Chevrolet | Silverado 1500HD,101889552900
Chevrolet | Silverado 2500HD,101889553100
Chevrolet | Silverado 3500HD,101889553340
Chevrolet | Silverado 2500,101889552940
Chevrolet | Silverado Classic 1500,101889553380
Chevrolet | Silverado Classic 2500,101889553420